CFdesign Trace data for Scenario 1 
Trace,Residence Time (sec),
1 Set
Trace 47,7.7161e+02,
Trace 46,2.2263e+02,
Trace 45,3.1632e+02,
Trace 43,5.6919e+03,
Trace 42,2.1468e+02,
Trace 41,2.3796e+02,
Trace 40,5.7009e+02,
Trace 39,5.6098e+01,
Trace 38,6.3305e+01,
Trace 37,5.0978e+03,
Trace 36,1.2048e+03,
Trace 35,8.4560e+03,
Trace 34,2.2680e+02,
Trace 33,3.7950e+02,
Trace 31,1.9335e+02,
Trace 30,8.9620e+02,
Trace 29,6.9342e+01,
Trace 28,2.2705e+02,
Trace 27,1.2050e+03,
Trace 26,3.6082e+02,
Trace 25,6.3938e+01,
Trace 24,1.1453e+03,
Trace 23,8.4428e+03,
Trace 22,6.8037e+01,
Trace 21,7.4729e+01,
Trace 19,3.1069e+01,
Trace 18,1.4912e+03,
Trace 17,1.1150e+03,
Trace 16,2.1655e+02,
Trace 15,1.1346e+03,
Trace 14,1.9723e+02,
Trace 13,5.1467e+03,
Trace 12,4.3920e+02,
Trace 11,4.7764e+02,
Trace 10,2.3238e+02,
Trace 9,2.3737e+02,
Trace 7,5.6379e+01,
Trace 6,1.0052e+03,
Trace 5,1.0052e+03,
Trace 4,6.7845e+02,
Trace 3,1.0768e+03,
Trace 2,4.7711e+02,
Trace 1,1.1784e+03,
Trace 0,9.3491e+03,
