<CFD_JobInformation version="16.0">
 <analysisPath>C:\Users\damon\Documents\0-Living\dynamoFusionCFD\CFD tests\princeton board\board-f2016\board_f16\Design 1\Scenario 1</analysisPath>
 <meshFlag>Y</meshFlag>
 <jobType>LOCAL</jobType>
 <isClusterJob>false</isClusterJob>
 <cores>0</cores>
 <jobArgs></jobArgs>
 <profile>MyComputer</profile>
 <owner>damon</owner>
 <UIHost>NYCC02MN1XZFD59</UIHost>
 <solveHost>NYCC02MN1XZFD59</solveHost>
 <portalId></portalId>
 <portalPwd></portalPwd>
 <recipients></recipients>
 <notifyStart>false</notifyStart>
 <notifyMesh>false</notifyMesh>
 <notifyDone>false</notifyDone>
 <useLocalSmpd>false</useLocalSmpd>
</CFD_JobInformation>
