CFdesign Trace data for Scenario 1 
Trace,Residence Time (sec),
1 Set
Trace 47,3.0576e-01,
Trace 46,0.0000e+00,
Trace 45,0.0000e+00,
Trace 44,0.0000e+00,
Trace 43,0.0000e+00,
Trace 42,0.0000e+00,
Trace 41,0.0000e+00,
Trace 40,0.0000e+00,
Trace 39,0.0000e+00,
Trace 38,0.0000e+00,
Trace 37,0.0000e+00,
Trace 36,8.0794e-03,
Trace 35,1.5453e-01,
Trace 34,0.0000e+00,
Trace 33,0.0000e+00,
Trace 32,0.0000e+00,
Trace 31,0.0000e+00,
Trace 30,0.0000e+00,
Trace 29,0.0000e+00,
Trace 28,0.0000e+00,
Trace 27,0.0000e+00,
Trace 26,0.0000e+00,
Trace 25,0.0000e+00,
Trace 24,1.4521e-02,
Trace 23,1.0587e-01,
Trace 22,0.0000e+00,
Trace 21,0.0000e+00,
Trace 20,0.0000e+00,
Trace 19,0.0000e+00,
Trace 18,0.0000e+00,
Trace 17,0.0000e+00,
Trace 16,0.0000e+00,
Trace 15,0.0000e+00,
Trace 14,0.0000e+00,
Trace 13,0.0000e+00,
Trace 12,7.4002e-03,
Trace 11,3.5488e-02,
Trace 10,0.0000e+00,
Trace 9,0.0000e+00,
Trace 8,0.0000e+00,
Trace 7,0.0000e+00,
Trace 6,0.0000e+00,
Trace 5,0.0000e+00,
Trace 4,0.0000e+00,
Trace 3,0.0000e+00,
Trace 2,0.0000e+00,
Trace 1,0.0000e+00,
Trace 0,5.6824e-03,
